id,first_name,email,phone
1,Mimi,mleyburn0@scribd.com,986-994-2863
2,Lyell,lfardell1@boston.com,608-646-3768
3,Gilburt,gmcnamara2@moonfruit.com,327-894-8823
4,Shay,sdurrant3@mayoclinic.com,189-245-7704
5,Coleman,crutt4@ox.ac.uk,411-226-4386
6,Sascha,scrock5@biblegateway.com,793-732-9087
7,Valentine,vdance6@wordpress.org,816-502-4494
8,Arabele,askipping7@shinystat.com,502-519-2180
9,Garrick,gnaseby8@usa.gov,651-248-7925
10,Ellerey,eantonoyev9@hp.com,208-407-8981
11,Dora,dhyslopa@dyndns.org,818-327-4222
12,Chad,cwyvillb@list-manage.com,235-882-5318
13,Nancie,nwillersonc@si.edu,660-106-2800
14,Sky,spughed@xrea.com,344-321-6496
15,Adoree,akettlesinge@webs.com,159-857-8882
16,Baxy,bdavidzonf@bandcamp.com,753-806-5566
17,Cathee,cscholeyg@qq.com,779-194-8618
18,Tam,tdeliash@youku.com,948-485-0000
19,Enrichetta,everyani@bizjournals.com,349-803-1137
20,Kiah,kfedorchenkoj@gizmodo.com,547-354-2422
21,Aurie,ahuyghek@vinaora.com,171-225-6830
22,Willis,wgraftonherbertl@opensource.org,100-463-4217
23,Tara,tpurdiem@va.gov,534-959-6837
24,Belva,bdeportn@imgur.com,645-326-1607
25,Marcus,mmuresso@pen.io,682-974-0128
26,Rosalia,rnealonp@vkontakte.ru,660-908-7080
27,Griffin,gkeigq@mediafire.com,632-348-7779
28,Gretta,gmaudlinr@odnoklassniki.ru,430-891-9625
29,Fanchon,fgirths@washingtonpost.com,921-477-5790
30,Manolo,mgiraudelt@state.tx.us,659-656-7425
31,Glen,goconnelu@amazon.de,502-941-6734
32,Delbert,dhendersonv@live.com,129-920-2013
33,Olvan,obarhimsw@soundcloud.com,150-313-1151
34,Barry,bbettlesonx@tripadvisor.com,666-209-2732
35,Dorelle,dredihoughy@prnewswire.com,234-363-6745
36,Reynolds,rvirgoz@arizona.edu,709-460-6102
37,Corette,cmccathy10@latimes.com,678-256-1488
38,Mariya,mcastiello11@ning.com,800-822-6735
39,Mozelle,marrell12@bloglines.com,761-487-6873
40,Jodie,jdobrowolny13@lycos.com,609-928-2714
41,Jemmie,jdiess14@yale.edu,730-605-7254
42,Rudyard,rweston15@washington.edu,297-423-9177
43,Cassandry,cmarch16@hhs.gov,839-331-3789
44,Zack,zjosefsohn17@taobao.com,838-485-8214
45,Annabel,aviscovi18@skyrock.com,678-816-6869
46,Cody,cyellowley19@nyu.edu,225-224-7178
47,Renae,rrioch1a@tiny.cc,749-325-6116
48,Winonah,wleeming1b@digg.com,172-529-1650
49,Rosalie,rpaffitt1c@oracle.com,863-560-9520
50,Julita,jbeiderbeck1d@ebay.co.uk,972-614-7409
51,Bryana,bhammel1e@canalblog.com,930-516-3933
52,Josie,jbloschke1f@123-reg.co.uk,889-535-2063
53,Jemima,jmacintosh1g@odnoklassniki.ru,402-445-5694
54,Shay,sswainsbury1h@arstechnica.com,601-233-6965
55,Cleveland,ctordoff1i@ustream.tv,186-771-6748
56,Celestyn,cchilvers1j@trellian.com,922-509-5960
57,Janette,jluparto1k@time.com,304-647-9359
58,Bren,bmateiko1l@about.me,968-316-0865
59,Evangelina,eslides1m@newsvine.com,651-332-7849
60,Benedicta,bgomersal1n@go.com,393-707-6337
61,Phineas,pwoolaston1o@csmonitor.com,262-582-7455
62,Jacquie,jwhitecross1p@domainmarket.com,133-319-6812
63,Meggy,meva1q@blogtalkradio.com,760-408-9646
64,Halsey,hsigge1r@japanpost.jp,310-101-3092
65,Sonja,skillimister1s@hexun.com,220-255-2122
66,Reube,rchenery1t@nsw.gov.au,415-253-2181
67,Humfrey,hplante1u@bloglines.com,770-379-2356
68,Carmen,cogan1v@berkeley.edu,720-109-5091
69,Belle,branderson1w@arstechnica.com,483-279-7960
70,Lucina,lsanbrooke1x@domainmarket.com,623-856-5633
71,Lesly,lcharlewood1y@flickr.com,260-676-6568
72,Livvy,ldearnaly1z@angelfire.com,508-126-4704
73,Fredericka,fkilty20@baidu.com,177-361-2020
74,Stafani,spellamont21@tripadvisor.com,781-776-5275
75,Rhetta,rminocchi22@mtv.com,825-957-7791
76,Susan,soverton23@oaic.gov.au,505-224-1860
77,Tarah,tsleigh24@dailymotion.com,146-798-1855
78,Jefferey,jbricknall25@nbcnews.com,589-238-8321
79,Leola,lviste26@craigslist.org,266-202-9349
80,Alex,asprulls27@issuu.com,482-834-8799
81,Sergio,sullett28@wiley.com,803-511-2631
82,Caresa,cfardoe29@wikimedia.org,711-322-6737
83,Cybil,cwoolfenden2a@statcounter.com,213-180-6723
84,Dulcie,dsapena2b@japanpost.jp,467-802-0386
85,Alta,anavarijo2c@nhs.uk,279-993-4042
86,Stafford,sduigenan2d@yale.edu,108-392-3623
87,Gretel,gpadefield2e@unblog.fr,833-393-8353
88,Melissa,mhigounet2f@dedecms.com,140-690-4872
89,Elia,etinto2g@toplist.cz,829-257-2860
90,Townie,tstayt2h@sakura.ne.jp,695-580-9190
91,Reamonn,rborland2i@google.co.jp,684-174-6812
92,Alasteir,asomerlie2j@howstuffworks.com,142-514-5787
93,Aidan,aroizn2k@marriott.com,779-562-5481
94,Orion,omanus2l@si.edu,876-837-7842
95,Ariela,ahamber2m@webs.com,828-430-8729
96,Harman,hselwyn2n@yelp.com,862-162-9351
97,Jessa,jgurnett2o@wordpress.org,205-337-1749
98,Brittan,bdomenici2p@slate.com,705-314-0779
99,Roseann,rostrich2q@redcross.org,793-767-7700
100,Shanan,screamen2r@prweb.com,334-239-4009
101,Jen,jmickleborough2s@google.co.uk,704-740-7984
102,Rube,rvinten2t@elegantthemes.com,271-401-0823
103,Niki,ncabera2u@vkontakte.ru,169-777-1050
104,Madella,mklimt2v@utexas.edu,934-925-9574
105,Roch,roslar2w@xrea.com,420-599-0030
106,Tybi,tsturrock2x@lycos.com,646-877-9072
107,Eydie,efairpool2y@hhs.gov,740-226-7308
108,Pris,poduilleain2z@nytimes.com,197-368-4824
109,Carrol,csurcomb30@pinterest.com,630-979-0710
110,Papageno,pcasotti31@cbsnews.com,602-158-9138
111,Nannette,ngyer32@marriott.com,214-694-0221
112,Regina,rtorrijos33@cafepress.com,824-496-8861
113,Connie,cbriztman34@hhs.gov,800-165-0226
114,Calypso,ctumielli35@yelp.com,817-492-9459
115,Nannie,nseagar36@blogtalkradio.com,170-151-0202
116,Reinaldos,rbrambley37@youtu.be,378-851-2148
117,Cristian,cruzek38@miibeian.gov.cn,278-770-4087
118,Ondrea,ofruish39@walmart.com,826-249-9513
119,Hertha,hkehri3a@hud.gov,429-466-8549
120,Decca,ddewhirst3b@cnn.com,994-194-2582
121,Selia,snewark3c@harvard.edu,505-469-5630
122,Atlante,ahappert3d@illinois.edu,472-919-9648
123,Tony,tbackshill3e@theglobeandmail.com,403-827-8920
124,Tymothy,tnovello3f@nyu.edu,497-523-8236
125,Abram,aletteresse3g@japanpost.jp,629-979-7642
126,Fowler,fbirrell3h@merriam-webster.com,818-426-8717
127,Casar,calgate3i@cyberchimps.com,489-924-1445
128,Levi,lalberti3j@last.fm,855-217-8959
129,Francklyn,fmuzzini3k@alexa.com,155-126-0589
130,Sloane,sgrinley3l@cnet.com,770-754-5337
131,Javier,jsambell3m@scientificamerican.com,653-537-9927
132,Cacilia,cblesli3n@canalblog.com,776-489-2571
133,Abie,ady3o@gizmodo.com,602-317-2870
134,Conn,cpreshous3p@artisteer.com,934-705-1776
135,Cecile,cheasley3q@state.gov,720-374-4889
136,Xylia,xpound3r@prnewswire.com,707-536-1020
137,Rickard,rdugood3s@posterous.com,908-297-8071
138,Anstice,anardi3t@cbsnews.com,451-218-8177
139,Perkin,pellison3u@wp.com,407-575-8547
140,Dode,dyvon3v@geocities.com,646-746-3300
141,Bordie,btruter3w@furl.net,817-482-8779
142,Jae,jpolack3x@blogs.com,141-684-7031
143,Rustin,rdryden3y@dot.gov,894-603-5233
144,Clark,cgoold3z@spotify.com,354-501-0188
145,Ab,apattini40@europa.eu,854-652-9391
146,Nani,natty41@paginegialle.it,619-138-6939
147,Karlotte,kector42@addtoany.com,321-490-9589
148,Jackqueline,jgrowden43@networkadvertising.org,872-803-0170
149,Jdavie,jwhitcombe44@google.ca,509-541-8959
150,Dino,dpeile45@pcworld.com,445-511-0350
151,Devi,dkaine46@guardian.co.uk,658-275-3244
152,Morgan,mbaudin47@slate.com,104-920-4847
153,Albert,adeluna48@g.co,174-617-7368
154,Terencio,tszach49@biglobe.ne.jp,753-677-2443
155,Corbin,cfaill4a@godaddy.com,757-612-2334
156,Vere,vmcfater4b@cyberchimps.com,423-475-6373
157,Saunders,sknewstubb4c@sciencedirect.com,747-776-9489
158,Zebulen,zmithan4d@barnesandnoble.com,772-280-8099
159,Curt,cvanderweedenburg4e@economist.com,809-599-1514
160,Giselbert,gcelloni4f@patch.com,591-619-8741
161,Emiline,enipper4g@desdev.cn,493-303-4003
162,Shara,sgilbee4h@cocolog-nifty.com,100-898-1211
163,Trev,tkneale4i@theatlantic.com,108-923-5107
164,Aloise,amcnelly4j@un.org,188-998-5572
165,Gradey,gabrahmer4k@nsw.gov.au,286-390-1186
166,Michel,mhurne4l@weibo.com,123-408-7284
167,Georg,gcecchi4m@army.mil,723-544-7404
168,Laurette,ltousy4n@yahoo.co.jp,182-652-3513
169,Wait,wfreeborne4o@symantec.com,723-924-3199
170,Benjamen,bduthie4p@newyorker.com,504-418-2013
171,Nadeen,nkettell4q@hc360.com,714-219-0927
172,Konrad,khedley4r@bigcartel.com,143-222-7902
173,Saudra,slardiner4s@blogspot.com,604-998-3790
174,Delaney,dmacgeffen4t@google.co.uk,736-973-5004
175,Wendi,wvidgeon4u@deliciousdays.com,560-473-7009
176,Ludovico,lbyllam4v@weibo.com,163-185-6729
177,Marmaduke,mlecount4w@freewebs.com,194-892-6994
178,Elva,eproudley4x@msn.com,151-768-5954
179,Drusie,dmallord4y@house.gov,968-447-6990
180,Janenna,jpittendreigh4z@ox.ac.uk,711-359-5182
181,Oren,omccrow50@noaa.gov,293-564-0507
182,Maddie,mneagle51@chron.com,834-311-6122
183,Kati,kcasham52@tuttocitta.it,386-353-8010
184,Aloysia,astaddart53@123-reg.co.uk,322-576-9897
185,Sybille,soriel54@bloglines.com,740-240-4238
186,Corey,cyushmanov55@sourceforge.net,885-969-5439
187,Zack,ztitley56@china.com.cn,421-381-5247
188,Teodor,tallsebrook57@chicagotribune.com,632-104-0859
189,Lorne,lhaselgrove58@oakley.com,508-429-0187
190,Gustavus,gditchburn59@sakura.ne.jp,780-653-1134
191,Marlee,mkettlewell5a@google.it,267-164-6972
192,Sharla,slepine5b@wikipedia.org,932-677-1193
193,Fernande,fgigg5c@huffingtonpost.com,887-429-2857
194,Nikolai,nevershed5d@bluehost.com,556-667-1608
195,Cly,cbroadis5e@joomla.org,292-954-4023
196,Osbourne,ogorden5f@unicef.org,516-369-9742
197,Dannye,ddenerley5g@histats.com,111-623-1521
198,Savina,sfaire5h@cyberchimps.com,430-509-2515
199,Annabal,acoveley5i@biglobe.ne.jp,107-493-6551
200,Beulah,bthreadgould5j@symantec.com,524-829-2142
201,Cesya,crigts5k@irs.gov,564-377-1567
202,Ashlee,aspeir5l@hc360.com,397-963-4991
203,Meryl,mklaesson5m@imgur.com,127-352-8859
204,Worthy,wmckennan5n@yale.edu,389-408-3384
205,Wendell,wfreeburn5o@go.com,673-454-1942
206,Nanni,nkrimmer5p@com.com,760-188-7668
207,Boyce,beger5q@yelp.com,967-764-9786
208,Irwin,iharbor5r@nydailynews.com,607-489-2486
209,Donall,dwoodthorpe5s@cdc.gov,601-887-6250
210,Vanni,vstrickland5t@google.it,406-914-5159
211,Hershel,htindley5u@boston.com,293-250-7906
212,Jacinta,juden5v@4shared.com,905-688-4887
213,Gilemette,gbauman5w@oakley.com,892-977-3914
214,Audrey,aweldrake5x@nydailynews.com,617-546-0012
215,Panchito,pmolder5y@vkontakte.ru,164-643-1662
216,Orlando,ogate5z@flickr.com,738-614-9465
217,Lanna,lstickford60@merriam-webster.com,765-484-2022
218,Paloma,priba61@discuz.net,278-552-9699
219,Pall,pmanjin62@bloglovin.com,649-203-6544
220,Elana,epostles63@disqus.com,706-956-3126
221,Cullin,clydford64@nytimes.com,167-619-3163
222,Kenyon,ktroup65@uol.com.br,205-695-9042
223,Aliza,amerryman66@github.io,554-689-4112
224,Algernon,alorant67@eventbrite.com,322-375-2965
225,Brendin,bdellatorre68@printfriendly.com,807-829-5358
226,Denna,dsighart69@newsvine.com,517-488-8880
227,Kalina,kfardo6a@fastcompany.com,602-863-2770
228,Bogart,bkindley6b@theatlantic.com,413-180-8458
229,Tally,tlemmanbie6c@usgs.gov,460-132-7828
230,Donavon,dcleaver6d@cafepress.com,273-513-3091
231,Stephenie,saxelby6e@trellian.com,847-329-5458
232,Evvy,ejoynt6f@economist.com,695-225-8164
233,Janos,jberntsson6g@mapy.cz,574-714-4837
234,Tirrell,tpigdon6h@usda.gov,806-868-3592
235,Cathy,cbails6i@blog.com,155-613-8703
236,Ashlan,agwynne6j@bing.com,557-814-9911
237,Sherye,sjosephy6k@flickr.com,400-260-1546
238,Tuck,tdutson6l@accuweather.com,322-368-3615
239,Shina,sseiffert6m@newsvine.com,167-818-7142
240,Blisse,bmckeowon6n@t-online.de,819-196-8284
241,Yevette,ystandering6o@cpanel.net,838-940-1423
242,Tyler,theinzler6p@spotify.com,489-516-1986
243,Dionisio,dlawman6q@earthlink.net,761-418-7892
244,Bartolomeo,bwisdish6r@ycombinator.com,108-944-6238
245,Janina,jboughton6s@weebly.com,516-267-8558
246,Anica,adraysey6t@pbs.org,734-107-9091
247,Alysa,acoolson6u@creativecommons.org,421-509-9411
248,Hermie,hrush6v@adobe.com,129-544-3306
249,Titos,tjeskin6w@com.com,905-452-1838
250,Lethia,lhowen6x@slideshare.net,885-199-5189
251,Astrid,aminchenton6y@webeden.co.uk,782-986-2214
252,Rees,rbrownscombe6z@list-manage.com,983-267-3326
253,Ev,ebevington70@boston.com,635-693-3155
254,Teresa,toverbury71@bizjournals.com,483-743-3881
255,Tedmund,tmundall72@umn.edu,751-145-4035
256,Ardeen,awhittaker73@adobe.com,255-891-7997
257,Rip,rpennells74@pcworld.com,540-104-6057
258,Riannon,rwalburn75@is.gd,365-104-3416
259,Cullie,cgorden76@ftc.gov,682-673-4698
260,Artur,akorb77@friendfeed.com,406-227-7300
261,Leontyne,ltranckle78@wordpress.org,649-233-1520
262,Tasha,ttaverner79@umn.edu,287-560-6709
263,Sherill,sspiby7a@joomla.org,826-830-8561
264,Fredric,fhachette7b@who.int,375-618-5317
265,Cynthie,crenfield7c@sfgate.com,584-515-3316
266,Gilligan,gjezard7d@yahoo.com,122-156-5410
267,Elwin,edoog7e@amazon.co.jp,990-114-8034
268,Joelly,jlademann7f@sciencedirect.com,134-583-7114
269,Husain,hpeat7g@prweb.com,214-961-7528
270,Gizela,ggingell7h@java.com,658-287-6010
271,Effie,efould7i@sourceforge.net,602-153-9451
272,Joyann,jmarciskewski7j@jalbum.net,769-728-2066
273,Florette,fcaldow7k@elegantthemes.com,853-701-3112
274,Alaric,ashalliker7l@answers.com,971-402-2869
275,Angelika,amar7m@umn.edu,107-963-2905
276,Vick,vsutliff7n@cbsnews.com,643-994-4845
277,Nigel,ncurm7o@elegantthemes.com,644-597-0507
278,Fernandina,fcaukill7p@netlog.com,771-127-0034
279,Bobbee,bmosby7q@dagondesign.com,719-682-7337
280,Quintilla,qmoret7r@telegraph.co.uk,665-246-1211
281,Rivy,rderry7s@boston.com,141-353-3895
282,Ferris,fmaccolm7t@umich.edu,363-119-2212
283,Dorothy,dfrenzel7u@newyorker.com,879-916-5858
284,Gussi,gstansbury7v@ebay.com,715-628-9800
285,Tades,tmogford7w@cnbc.com,304-674-7984
286,Jedd,jburchill7x@uol.com.br,118-637-5367
287,Amerigo,acauldfield7y@seattletimes.com,116-487-8747
288,Fairlie,ffaragher7z@cnet.com,775-702-4633
289,Brannon,blongbothom80@smugmug.com,732-399-4190
290,Laurice,lbreche81@adobe.com,669-493-2570
291,Roslyn,rpateman82@zdnet.com,194-400-1101
292,Temple,tbower83@prnewswire.com,781-380-0059
293,Kingston,kashbridge84@virginia.edu,921-917-6231
294,Mattheus,mgascone85@constantcontact.com,476-726-2165
295,Rey,rmathiassen86@51.la,682-996-8621
296,Vonni,vlidyard87@hubpages.com,563-926-6736
297,Teodor,tgrannell88@nhs.uk,525-956-2226
298,Maia,mcrunden89@ca.gov,122-880-2941
299,Dale,dchampneys8a@wikia.com,215-395-1498
300,Aline,asherwill8b@google.co.uk,103-115-6092
301,Constantia,csemaine8c@desdev.cn,505-343-1629
302,Elmira,eszreter8d@forbes.com,815-134-4974
303,Blair,bdruhan8e@irs.gov,333-244-0036
304,Debera,dlenormand8f@desdev.cn,493-767-0442
305,Odey,ofields8g@twitpic.com,780-857-5968
306,Carolynn,ctumayan8h@jalbum.net,528-298-3489
307,Nicki,nluto8i@sina.com.cn,268-713-7468
308,Lottie,lstennine8j@nba.com,160-523-8113
309,Isaak,ihunnicot8k@dedecms.com,225-968-3348
310,Marlee,mbiagini8l@yellowpages.com,763-717-9253
311,Noemi,nguinery8m@ft.com,849-179-9286
312,Xena,xsonley8n@state.gov,789-370-5838
313,Garek,gpeter8o@alibaba.com,754-183-2603
314,Pollyanna,plakenden8p@studiopress.com,496-315-9488
315,Nananne,nduplantier8q@github.com,993-877-1134
316,Elaina,eskarr8r@yolasite.com,899-302-1811
317,Corly,ctivenan8s@myspace.com,846-917-7051
318,Drew,dmaving8t@auda.org.au,573-381-8572
319,Sheba,sbasile8u@wiley.com,374-809-2708
320,Kirsteni,kstadden8v@reference.com,657-885-1982
321,Frederik,fflaws8w@soundcloud.com,379-732-5387
322,Rivkah,rpottery8x@amazon.co.jp,845-744-8636
323,Marysa,mtomaino8y@sakura.ne.jp,703-333-1907
324,Julius,jsamuel8z@guardian.co.uk,936-916-1447
325,Riane,rjezard90@dropbox.com,155-515-2734
326,Ryann,rhovee91@quantcast.com,108-805-7449
327,Taylor,tnutkin92@jimdo.com,711-260-3192
328,Walker,wflatley93@hhs.gov,444-198-9271
329,Garv,gellacott94@goo.ne.jp,629-949-5890
330,Dyane,dnazareth95@jiathis.com,150-876-0530
331,Elwood,ebritnell96@zdnet.com,709-436-1468
332,Ulick,ubastian97@sakura.ne.jp,495-386-4097
333,Willem,wlundy98@thetimes.co.uk,469-764-1730
334,Nicolina,nmilesap99@symantec.com,262-683-4054
335,Twila,tlarcher9a@imageshack.us,238-401-7822
336,Corbie,cgold9b@github.com,633-725-9688
337,Byrom,bdomegan9c@noaa.gov,437-866-7370
338,Rene,rriep9d@biglobe.ne.jp,128-119-2059
339,Wynnie,wpollington9e@freewebs.com,663-639-4677
340,Crista,ccattellion9f@google.com.hk,330-152-6218
341,Yardley,yappleyard9g@list-manage.com,378-597-9898
342,Rowney,rbrugemann9h@ucoz.com,271-803-3228
343,Yorker,ydabney9i@google.pl,877-782-1212
344,Garvy,gnevins9j@house.gov,816-995-6323
345,Ricoriki,rplummer9k@xinhuanet.com,726-241-0220
346,Ashien,aspellman9l@woothemes.com,932-900-6647
347,Chelsey,cfalla9m@jimdo.com,666-183-7056
348,Corissa,cchieze9n@si.edu,599-929-5040
349,Arman,apes9o@vistaprint.com,388-448-6923
350,Tabb,tbrussell9p@auda.org.au,515-280-1132
351,Dom,dcorr9q@ning.com,839-483-3570
352,Anthe,abarlass9r@ehow.com,391-745-8891
353,Issie,ibaudon9s@liveinternet.ru,746-181-9223
354,Terrance,tjorg9t@seesaa.net,961-392-5340
355,Natalee,nsyddall9u@free.fr,381-926-0169
356,King,kspinley9v@1und1.de,349-544-7369
357,Phyllida,pmedlar9w@xinhuanet.com,504-385-1852
358,Abagael,aofen9x@mit.edu,846-565-8108
359,Barnie,bcurlis9y@netscape.com,325-864-8114
360,Devin,dphizacklea9z@bravesites.com,743-843-2317
361,Rosemary,rguillonda0@furl.net,636-299-5795
362,Cyril,ccarbrya1@arizona.edu,698-732-9935
363,Dominique,dgraingera2@flavors.me,271-685-2444
364,Dyana,dmitchama3@usda.gov,772-134-9957
365,Allegra,atichnera4@last.fm,424-826-2190
366,Gray,geddisa5@toplist.cz,872-846-3460
367,Fifi,fniesea6@psu.edu,748-766-8931
368,Gianna,gcraykera7@theatlantic.com,946-740-6899
369,Dela,dwestmorea8@uiuc.edu,336-597-1798
370,Rycca,rhardemana9@cornell.edu,716-671-5897
371,Cher,cgilliesaa@usa.gov,408-563-0288
372,Jayne,jaidlerab@rakuten.co.jp,180-294-0498
373,Agnesse,awankac@angelfire.com,295-315-4065
374,Vin,vthalmannad@hugedomains.com,981-475-8107
375,Selby,saltonae@nasa.gov,527-319-9119
376,Nanny,npierrepointaf@apache.org,617-166-8335
377,Sibeal,sdimaggioag@nba.com,704-743-6946
378,Udell,udimblebyah@uol.com.br,757-435-2128
379,Georgy,gkennewellai@altervista.org,535-211-4579
380,Quinta,qliversidgeaj@weather.com,628-565-4248
381,Archambault,ashearmanak@java.com,261-301-2969
382,Sean,sswanstonal@un.org,363-750-5740
383,Edvard,ecolcombam@infoseek.co.jp,333-408-2306
384,Avery,apetrenan@state.gov,364-306-7890
385,Aldon,arispineao@meetup.com,453-602-9271
386,Kerr,kstelliap@surveymonkey.com,424-937-3149
387,Calley,chaycockaq@europa.eu,248-948-3370
388,Kaile,kgribbenar@cdc.gov,822-396-9113
389,Onfroi,ocoreas@geocities.jp,423-342-5548
390,Kacie,kbinesat@tiny.cc,363-642-5288
391,Rory,rmcbayneau@icq.com,955-855-5231
392,Nessie,nwhitlawav@technorati.com,860-758-3026
393,Effie,ecolwellaw@home.pl,704-834-1013
394,Austen,ajenickeax@msu.edu,188-848-0883
395,Lucy,lfinnay@unc.edu,482-160-4431
396,Kata,kbearwardaz@51.la,145-682-3401
397,Kariotta,kmcgreadyb0@sakura.ne.jp,227-757-8595
398,Dav,druppertb1@xinhuanet.com,134-516-4489
399,Steve,sabsolonb2@uiuc.edu,287-177-4749
400,Auguste,aajsikb3@php.net,539-458-0866
401,Demetri,dduffitb4@economist.com,274-445-0355
402,Case,ckubanb5@boston.com,227-996-0978
403,Shaylynn,smcfaterb6@cnn.com,573-448-8515
404,Kiah,kcriellyb7@walmart.com,874-926-3316
405,Calla,cwellandb8@live.com,919-484-1646
406,Alicia,abewb9@netvibes.com,409-300-9032
407,Lenore,lbrickba@wisc.edu,676-573-2823
408,Annice,abacksonbb@tamu.edu,205-219-8520
409,Freeland,fpaicebc@blogtalkradio.com,214-834-4256
410,Annamaria,aemettbd@sakura.ne.jp,606-440-7610
411,Angie,abrancabe@dailymotion.com,501-725-5048
412,Thacher,tmorcombbf@bloglovin.com,477-679-1044
413,Tabina,tramelotbg@wikimedia.org,377-124-6512
414,Mike,mmurtbh@prlog.org,218-272-4679
415,Enrica,esherrottbi@technorati.com,478-762-2788
416,Mira,mpfeiferbj@sciencedaily.com,739-600-5461
417,Othella,oastridgebk@wufoo.com,913-589-8596
418,Berna,bmarcbl@mediafire.com,445-293-6067
419,Toby,tfowleybm@senate.gov,795-361-5843
420,Wilmar,whelwigbn@chicagotribune.com,173-239-0365
421,Samuel,smundenbo@vk.com,578-278-9293
422,Rivy,relliffbp@nymag.com,623-693-9972
423,Myer,mschabenbq@wikia.com,604-382-8181
424,Winny,wcollybr@cbsnews.com,430-341-1992
425,Nananne,nlyttlebs@psu.edu,796-279-8375
426,Archaimbaud,aeilhermannbt@biglobe.ne.jp,251-295-1443
427,Ami,aridgebu@paypal.com,780-705-9028
428,Rowland,rindebv@theguardian.com,882-477-1246
429,Jane,jbelzbw@drupal.org,376-678-6719
430,Phillis,pbrittlesbx@merriam-webster.com,994-213-2793
431,Sandie,sclampeby@home.pl,738-416-2463
432,Joelie,jconellybz@shop-pro.jp,255-614-2778
433,Adella,abridgec0@meetup.com,865-845-9086
434,Valeda,vcolquittc1@macromedia.com,783-937-4430
435,Chan,cbonhommec2@zimbio.com,439-835-5585
436,Konstanze,kstackc3@businesswire.com,713-167-8181
437,Lefty,laltonc4@free.fr,641-232-7977
438,Ursola,ustatec5@princeton.edu,441-909-1483
439,Estele,egreatbatchc6@weibo.com,170-917-4505
440,Terrijo,tgolyc7@cloudflare.com,165-697-9648
441,Temp,tjollimanc8@wiley.com,238-366-6750
442,Ravid,rcrewc9@theguardian.com,337-271-1000
443,Alaster,aproschekca@hostgator.com,439-923-3168
444,Netty,ncockrellcb@deliciousdays.com,764-480-6813
445,Bernard,bfotittcc@wunderground.com,163-470-0294
446,Rheta,rsecombecd@bandcamp.com,719-468-7523
447,Michaela,mlorkince@51.la,387-792-1018
448,Cthrine,challockcf@sfgate.com,367-150-8431
449,Allayne,aschruyerscg@yale.edu,105-350-7279
450,Pierette,pgladtbachch@hhs.gov,971-963-5837
451,Georges,gvoceci@bloglines.com,495-951-0737
452,Charley,cvillaretcj@surveymonkey.com,647-615-0284
453,Stanton,santonomoliick@stanford.edu,450-456-4312
454,Lexine,llissandrinicl@xrea.com,794-231-6091
455,Berni,bjendascm@statcounter.com,961-176-2462
456,Chico,cgothrupcn@live.com,428-957-2435
457,Norman,nkamallco@csmonitor.com,425-524-8598
458,Kiersten,klambiecp@gov.uk,884-550-0339
459,Say,sheildcq@oracle.com,448-128-0862
460,Nady,nthreadgillcr@aol.com,512-359-9720
461,Ginevra,gburdellcs@gmpg.org,941-501-5966
462,Florry,fneedct@jimdo.com,272-648-2772
463,Rosabelle,rmartyntsevcu@yahoo.co.jp,672-604-4000
464,Missy,malbrookecv@google.cn,451-970-7777
465,Tracey,tgarncw@house.gov,665-929-1087
466,Marianna,mboulshercx@exblog.jp,479-168-3247
467,Leonanie,ljuszczykcy@shop-pro.jp,747-349-7216
468,Sorcha,sfarnhillcz@photobucket.com,744-359-5249
469,Latisha,lsiggersd0@google.com.br,315-946-8076
470,Trudy,tgransdend1@xrea.com,416-117-4307
471,Melly,mthyingd2@de.vu,980-570-1620
472,Josefina,jlucyd3@arizona.edu,151-427-2650
473,Gaspar,gjennemannd4@ucoz.com,871-169-1374
474,Demetrius,dmargetsond5@miitbeian.gov.cn,135-309-8919
475,Rogerio,rkubelkad6@smugmug.com,752-691-2729
476,Dorothea,ddenseyd7@behance.net,206-408-1227
477,Nadia,nrookd8@ftc.gov,116-705-6823
478,Padraic,plonsdaled9@scribd.com,719-170-2065
479,Amby,agiffonda@rediff.com,929-529-1385
480,Genevra,ggreenleafdb@weebly.com,991-308-1832
481,Tally,twestmoredc@merriam-webster.com,214-481-2550
482,Lorenza,lbraamdd@princeton.edu,431-361-3744
483,Lyon,lboolede@naver.com,513-308-9078
484,Felipa,fguillouddf@apple.com,996-558-9905
485,Vita,vtrobridgedg@xinhuanet.com,267-987-0065
486,Melisse,mgernierdh@jimdo.com,788-527-9858
487,Elnore,ekaretdi@nih.gov,322-803-7723
488,Read,rfumagalldj@wisc.edu,211-545-1198
489,Seumas,smichindk@skyrock.com,501-789-8780
490,Donnell,dguillforddl@cdc.gov,455-497-5575
491,Hercule,hreinbechdm@abc.net.au,559-324-9341
492,Fallon,fradendn@washingtonpost.com,298-395-9851
493,Arabele,abottelldo@deliciousdays.com,215-981-0985
494,Kyla,kskirlindp@theglobeandmail.com,477-935-3309
495,Lester,lstuchburydq@mapy.cz,437-278-8346
496,Bethany,bsouttardr@wisc.edu,329-428-9708
497,Natividad,nregglards@house.gov,999-273-7609
498,Barbi,blinturndt@ibm.com,964-638-5506
499,Tierney,theadlanddu@facebook.com,422-224-2158
500,Eugenio,eblackstockdv@washingtonpost.com,424-649-3057
501,Concordia,cheadeydw@yahoo.com,870-733-1725
502,Esmaria,ehargrovesdx@comcast.net,525-926-5805
503,Linnet,ldulanydy@zimbio.com,556-960-2682
504,Constance,chandscombdz@i2i.jp,614-475-7668
505,Sascha,sconnahe0@ihg.com,170-572-1324
506,Evin,evignee1@upenn.edu,194-933-1628
507,Gaven,glacasee2@china.com.cn,472-438-1264
508,Donni,demtagee3@craigslist.org,800-599-8178
509,Sibyl,scadwelle4@geocities.jp,419-238-1019
510,Carmon,csilmone5@psu.edu,212-988-0458
511,Abbott,ariglare6@marriott.com,602-435-3442
512,Krissy,kmcilherane7@bandcamp.com,286-783-8789
513,Brooke,bsachere8@feedburner.com,128-431-9287
514,Gilli,gpulhame9@mit.edu,969-994-7047
515,Adelice,apittwoodea@hc360.com,743-353-7453
516,Ginny,gcrowcrofteb@360.cn,995-648-7234
517,Drucie,ddanjoieec@bravesites.com,931-275-9147
518,Gusella,gjorined@dedecms.com,601-343-6383
519,Laryssa,lcopcottee@delicious.com,429-801-2715
520,Blondell,bhirschmannef@techcrunch.com,691-212-5170
521,Erl,emalpasseg@goodreads.com,928-339-7268
522,Farand,fnajafianeh@engadget.com,185-293-9474
523,Roby,roldroydeei@ask.com,904-552-3278
524,Gerard,gdalglieshej@princeton.edu,429-879-0101
525,Sol,screaneek@timesonline.co.uk,502-849-0299
526,Darline,dsauvanel@ask.com,765-714-8445
527,Reiko,rbyneem@ehow.com,870-100-2503
528,Lana,lscreatonen@ovh.net,685-539-9737
529,Parnell,psimionatoeo@ustream.tv,269-903-5935
530,Grethel,gtieraneyep@chicagotribune.com,446-666-0252
531,Rebeka,rreignouldeq@gmpg.org,490-132-8971
532,Haley,hbetancourter@samsung.com,808-772-1154
533,Tito,tlipmannes@pinterest.com,284-268-9266
534,Herrick,hennalset@last.fm,597-321-1311
535,Allissa,acrookstoneu@hubpages.com,739-925-8622
536,Ginnie,gwykeev@phpbb.com,596-167-1750
537,Lyda,lcoattsew@chron.com,980-958-0249
538,Gwen,grogeonex@auda.org.au,821-286-3111
539,Margalit,mflecknoeey@topsy.com,618-421-7135
540,Zilvia,zcheesleyez@google.co.jp,306-852-3862
541,Robb,rquirkf0@huffingtonpost.com,335-244-7827
542,Titus,twoodrooff1@chicagotribune.com,959-230-2324
543,Cornelia,cbinnerf2@cnn.com,182-856-1475
544,Herold,hbibbyf3@sciencedaily.com,900-462-0951
545,Emilio,ebannellf4@princeton.edu,809-857-5242
546,Edlin,epaolillof5@seesaa.net,720-592-3705
547,Dannel,dmeneof6@gnu.org,960-304-5777
548,Bernadene,bloachef7@umn.edu,846-707-9995
549,Jenilee,jbolamf8@upenn.edu,843-104-7278
550,Audrye,aramaf9@google.es,219-128-5701
551,Matthus,mcrainfa@theatlantic.com,743-916-0358
552,Tobi,tcumberlidgefb@baidu.com,818-143-7254
553,Sean,sburnallfc@go.com,402-415-7215
554,Allys,abazekfd@hibu.com,862-141-2069
555,Guenna,gjoyseyfe@samsung.com,605-802-6342
556,Lucine,lbartolettiff@addtoany.com,107-319-1883
557,Denis,dbriandfg@freewebs.com,158-994-4975
558,Steffane,spavelinfh@tumblr.com,553-478-0526
559,Say,snunneryfi@aboutads.info,913-409-2159
560,Karoline,kbadlandfj@usgs.gov,202-834-4772
561,Hedda,hmuehlefk@ocn.ne.jp,373-879-9278
562,Grissel,gpatkinfl@fema.gov,482-568-8880
563,Abram,agolagleyfm@mit.edu,602-717-8898
564,Orella,oacottfn@artisteer.com,638-325-4304
565,Adaline,alowniefo@mapquest.com,999-120-9246
566,Norrie,nabramfp@cbslocal.com,881-781-0170
567,Emmett,espawforthfq@msu.edu,314-327-8766
568,Rudolfo,rbocklerfr@msn.com,609-336-4505
569,Shay,sjimesfs@tinyurl.com,808-461-5849
570,Skipper,smuzzlewhiteft@sohu.com,730-455-1319
571,Gardener,gsproulefu@nsw.gov.au,900-163-7567
572,Roxane,rbeekefv@statcounter.com,149-887-6040
573,Gayle,gquenbyfw@youtu.be,645-146-7651
574,Angele,arawdallfx@yolasite.com,154-748-4426
575,Redd,rrebanksfy@foxnews.com,440-758-6090
576,Cammy,cwernhamfz@reverbnation.com,707-846-4396
577,Errol,ecranefieldg0@telegraph.co.uk,340-563-6549
578,Trude,tmorgong1@intel.com,298-584-0536
579,Jessie,jprichetg2@who.int,560-621-2572
580,L;urette,luccellig3@unesco.org,166-489-2705
581,Merv,mpyburng4@cpanel.net,116-120-9858
582,Nollie,npelferg5@seattletimes.com,957-613-3603
583,Curtice,crapog6@cbslocal.com,227-453-8939
584,Verene,vzimmermang7@psu.edu,681-572-3500
585,Yoko,yfotittg8@utexas.edu,334-864-5232
586,Quinton,qraithg9@hugedomains.com,757-165-8381
587,Garret,gcuerdallga@goodreads.com,215-425-4148
588,Terrell,timesengb@gizmodo.com,578-245-6224
589,Daniele,dheepsgc@arstechnica.com,115-355-9965
590,Nicola,nhatchgd@redcross.org,721-126-8721
591,Lutero,lkralege@rediff.com,647-207-2590
592,Hedvig,hbonsallgf@tumblr.com,419-733-7125
593,Gina,gfinchamgg@rediff.com,582-275-4340
594,Clemmie,cromayngh@clickbank.net,542-377-2227
595,Ninon,nszwandtgi@t.co,927-209-5738
596,Denys,dhellyergj@uiuc.edu,474-414-9016
597,Jay,jtabarygk@un.org,508-886-5501
598,Horacio,hbrockwaygl@sohu.com,529-153-1407
599,Nelie,nbutegm@arstechnica.com,565-217-8836
600,Mort,mcrossgn@shinystat.com,317-154-9710
601,Normand,nandertongo@marriott.com,965-587-2249
602,Stoddard,sramseygp@apple.com,321-688-6440
603,Sansone,scardenozagq@paypal.com,600-412-4583
604,Antoine,aroddergr@alexa.com,555-997-2882
605,Sinclare,srumbellowgs@rediff.com,218-146-4237
606,Manfred,mjohananoffgt@umn.edu,635-392-6247
607,Ariel,amacbaingu@nationalgeographic.com,175-181-5323
608,Timofei,tpillifantgv@mail.ru,784-387-5238
609,Kiele,kchallensgw@economist.com,752-803-2749
610,Lucita,lhawkinggx@narod.ru,196-601-8588
611,Ruddie,rcannamgy@biblegateway.com,188-975-7940
612,Tate,tulyatgz@howstuffworks.com,680-727-6146
613,Gladys,gtresvinah0@51.la,329-467-3054
614,Taylor,tothickh1@cyberchimps.com,910-434-7707
615,Jackie,jhovyh2@instagram.com,364-161-5028
616,Billy,bsearlh3@yahoo.com,318-792-4590
617,Britt,bbargeh4@hatena.ne.jp,862-588-3429
618,Hermia,hlafoyh5@people.com.cn,772-705-8590
619,Hubert,hcholdcrofth6@google.co.uk,587-552-7101
620,Brigitte,bpaulih7@bloglines.com,297-467-0319
621,Cris,ccholoninh8@desdev.cn,726-854-3029
622,Meghan,mpickersailh9@whitehouse.gov,543-892-5310
623,Royall,rschoffelha@yellowbook.com,654-231-7666
624,Ham,hsideyhb@ftc.gov,753-840-6165
625,Zenia,zcargenhc@upenn.edu,857-340-8454
626,Donna,dvasilkovhd@webnode.com,856-150-2304
627,Haskel,hsteadhe@jugem.jp,172-425-0216
628,Orelia,ocopinhf@marriott.com,614-375-8952
629,Sharline,sgrewhg@hibu.com,404-392-4391
630,Caryn,cdonohoehh@smh.com.au,823-273-6494
631,Marthe,mpondehi@amazonaws.com,802-723-5694
632,Hannah,hcornejohj@dedecms.com,745-412-7020
633,Netty,ningrehk@sakura.ne.jp,651-679-9130
634,Angelina,agarfitthl@pagesperso-orange.fr,549-576-0139
635,Maud,mbaughamhm@hhs.gov,357-853-9996
636,Ricoriki,rparryhn@icio.us,942-610-2083
637,Emelda,egriniovho@oakley.com,985-429-5796
638,Cele,cdalesiohp@yahoo.co.jp,982-829-9424
639,Lynde,lmackowlehq@marketwatch.com,386-614-6112
640,Shamus,sgissophr@spiegel.de,917-642-4107
641,Marika,mrochhs@oaic.gov.au,688-126-2764
642,Brewer,bblacksellht@free.fr,414-248-7973
643,Cass,cregohu@360.cn,476-658-8533
644,Rutger,rdisleyhv@unc.edu,157-890-6400
645,Rania,rlarderothw@devhub.com,533-985-4774
646,Lisetta,latkinsonhx@google.it,276-171-2941
647,Jody,jlakeshy@qq.com,920-540-7590
648,Siusan,sdowthwaitehz@exblog.jp,615-940-7749
649,Bel,bwoodruffi0@flickr.com,721-454-7677
650,Darsey,dgreghi1@ask.com,598-689-9724
651,Justinian,jreichhardti2@vkontakte.ru,345-269-5817
652,Paddy,pguitteti3@amazon.de,716-344-8062
653,Manolo,mbevissi4@gravatar.com,740-962-3300
654,Corilla,cwaszkiewiczi5@smh.com.au,277-157-6966
655,Kariotta,kcarniliani6@github.io,394-539-5266
656,Dulcy,doswelli7@ucla.edu,212-776-3845
657,Saundra,sramblei8@spiegel.de,539-694-3275
658,Normy,nyurlovi9@wunderground.com,535-708-1042
659,Wrennie,wcleoburyia@china.com.cn,574-837-1732
660,Giorgia,gcaganib@i2i.jp,987-342-5008
661,Mick,mmesantic@tumblr.com,626-829-4311
662,Pepe,pwoodruffid@furl.net,732-491-6230
663,Teri,tdowleie@marriott.com,145-189-7345
664,Leena,lcaccavariif@jigsy.com,556-260-1400
665,Gloriana,gastyig@patch.com,203-562-9887
666,Max,mwinterborneih@miitbeian.gov.cn,220-459-0751
667,Jamesy,jbouskillii@g.co,672-356-0351
668,Dennison,dausielloij@usatoday.com,422-497-5107
669,Corrie,cramptonik@booking.com,703-112-1715
670,Chico,cvodenil@nsw.gov.au,529-447-1545
671,Avigdor,alangfittim@buzzfeed.com,310-268-7099
672,Margaret,mshirtin@umn.edu,768-214-5243
673,Audre,aleehaneio@tinypic.com,827-157-7937
674,Rosemaria,rdionisip@webmd.com,609-148-5639
675,Westley,wbernardtiq@boston.com,720-114-0613
676,Carmelia,cjeaysir@netvibes.com,699-523-6940
677,Ag,abrazearis@unicef.org,741-391-1755
678,Sean,skissit@pinterest.com,392-365-1237
679,Alexander,alysaghtiu@cmu.edu,251-261-6165
680,Eunice,efautleyiv@moonfruit.com,441-399-0831
681,Norby,nyitzhakofiw@senate.gov,804-900-7359
682,Sydney,sbodiamix@360.cn,375-968-0849
683,Rriocard,rlyneiy@themeforest.net,769-361-0910
684,Edan,edurlingiz@samsung.com,945-682-0865
685,Isaak,imetzingj0@w3.org,526-750-6236
686,Kala,kmatussevichj1@aol.com,175-524-8180
687,Frank,fantonettij2@house.gov,124-418-1476
688,Vittorio,vmarzeloj3@webs.com,167-590-4412
689,Tabby,tmaginnj4@nymag.com,230-357-1094
690,Susana,sflowittj5@elpais.com,581-948-4156
691,Clarabelle,cblastockj6@salon.com,342-327-8256
692,Sari,sfillisj7@usgs.gov,959-324-3343
693,Hobard,hbilovskyj8@aboutads.info,392-262-5307
694,Trstram,tgibbsj9@artisteer.com,554-348-3615
695,Lucille,ldutnallja@discuz.net,801-772-2842
696,Niel,nkitsonjb@hud.gov,254-976-0717
697,Ottilie,opurdeyjc@purevolume.com,535-760-6593
698,Annice,aleiboldjd@unicef.org,424-593-9129
699,Honey,hkastingje@merriam-webster.com,953-207-7131
700,Magda,mkmietschjf@engadget.com,341-107-0282
701,Olimpia,obelfordjg@washingtonpost.com,602-921-7458
702,Drake,dsimeonijh@npr.org,252-503-8843
703,Granthem,gmaccaffertyji@dot.gov,539-396-0258
704,Gregorius,gharvettjj@dmoz.org,330-594-6744
705,Geoffry,gfrancescjk@diigo.com,994-219-0309
706,Wilfred,wjorgerjl@networkadvertising.org,947-325-2748
707,Kynthia,kdishmanjm@edublogs.org,838-143-3568
708,Perla,pfaulkesjn@upenn.edu,892-683-8514
709,Dominic,ddonizeaujo@sfgate.com,981-527-8893
710,Cristabel,cwhitelyjp@google.ru,903-256-4760
711,Meyer,mormshawjq@behance.net,898-175-8792
712,Hillary,htansleyjr@sourceforge.net,995-816-4974
713,Waly,wgallegosjs@umn.edu,381-676-5006
714,Georgeanna,ggrimejt@youku.com,400-678-1334
715,Demetris,dpevieju@bloglines.com,337-327-1393
716,Dee dee,dricardoujv@geocities.com,897-353-3070
717,Dahlia,dstonalljw@mit.edu,246-969-9896
718,Gretchen,gkenvinjx@noaa.gov,639-652-4320
719,Rhodia,rendacottjy@gravatar.com,737-116-9690
720,Winny,wbraizierjz@istockphoto.com,463-382-3009
721,Antonia,aeldredk0@ft.com,260-310-1018
722,Conrado,cmatuszkiewiczk1@woothemes.com,605-407-1536
723,Eadith,eprimakk2@nydailynews.com,964-737-3724
724,Ileana,iorowanek3@wikimedia.org,859-211-9013
725,Justinn,jstelfaxk4@soup.io,258-271-8651
726,See,srollk5@taobao.com,456-460-5963
727,Juli,jwybornk6@loc.gov,882-669-3680
728,Winonah,wperllmank7@sohu.com,106-683-4136
729,Angelia,aandrichakk8@netscape.com,102-869-2290
730,Algernon,alarimerk9@rambler.ru,742-520-5590
731,Adham,adimitrescuka@geocities.com,498-614-2367
732,Melisent,msturtkb@umn.edu,152-317-1807
733,Hartley,hfurmagekc@businessweek.com,784-238-2388
734,Bil,btullotkd@mayoclinic.com,535-188-9252
735,Lettie,lhefferonke@virginia.edu,635-901-1868
736,Pepi,pgoadbykf@google.cn,902-767-4729
737,Clemmie,celcomekg@sohu.com,869-181-3931
738,Renard,rphetheankh@goo.ne.jp,591-359-7412
739,Retha,rchesterfieldki@blogspot.com,843-218-9311
740,Misha,mtottemkj@tinyurl.com,363-332-9501
741,Greta,gdollmankk@elpais.com,119-426-1066
742,Archibald,aowlnerkl@toplist.cz,189-800-9271
743,Farrand,felmankm@hugedomains.com,858-508-6698
744,Albie,aruscoekn@cafepress.com,643-790-1452
745,Marlyn,mieldenko@wsj.com,298-734-0747
746,Torey,tplackstonekp@google.nl,127-223-9011
747,Justinn,jperrinchiefkq@blogger.com,984-110-3584
748,Lishe,lblazekkr@europa.eu,258-537-4574
749,Roley,rhanbidgeks@surveymonkey.com,645-517-7837
750,Clara,cbustardkt@weibo.com,116-341-5742
751,Leoine,lhissieku@mysql.com,814-733-9636
752,Gerry,glubekv@fema.gov,208-729-6689
753,Annemarie,amaccartkw@lycos.com,314-130-1778
754,Sande,sbthamkx@noaa.gov,568-393-2617
755,Weider,wmintyky@storify.com,972-491-6365
756,Raphaela,rcozzikz@123-reg.co.uk,931-164-2607
757,Artemis,akurtonl0@state.tx.us,428-637-3297
758,Carrol,candriesl1@phoca.cz,114-497-7114
759,Catherin,cescalal2@patch.com,974-798-7939
760,Annora,akordovanil3@moonfruit.com,858-531-6272
761,Leif,lmadenl4@constantcontact.com,586-994-7823
762,Clark,csalleirl5@unesco.org,464-802-3791
763,Marthena,msandall6@cisco.com,315-642-7127
764,Lemmie,ljarrelll7@ebay.co.uk,670-545-8851
765,Jami,jmynerl8@ted.com,838-856-7132
766,Malissa,mhariotl9@hc360.com,260-540-2490
767,Joby,jpapela@europa.eu,513-911-3503
768,Clarance,clepopelb@squidoo.com,444-576-3412
769,Dianna,dhaacklc@simplemachines.org,906-569-7517
770,Wilton,wwillimotld@alexa.com,353-334-7237
771,Ina,ijentonle@cnbc.com,832-725-1699
772,Natty,nmcqueenlf@nature.com,753-488-6074
773,Lind,lkubatlg@bbb.org,561-327-3147
774,Roley,rgoncaveslh@slate.com,749-198-3202
775,Garwin,gbattmanli@vk.com,462-989-1683
776,Fulvia,fyokellj@wikia.com,553-888-1106
777,Katharyn,kgeorgiuslk@mozilla.org,323-838-7773
778,Kippie,kreviell@nps.gov,516-967-2306
779,Lalo,lhatfulllm@facebook.com,905-985-3015
780,Channa,cwarbysln@virginia.edu,493-422-2316
781,Ema,egorslo@yandex.ru,662-669-0699
782,Gardie,gfishelp@fastcompany.com,815-690-3490
783,Patrizio,prayelq@utexas.edu,256-344-2131
784,Dulcie,dhardwicklr@jigsy.com,420-786-9433
785,Babette,bdenkells@instagram.com,143-249-6793
786,Devonna,dlorantlt@tuttocitta.it,749-230-2407
787,Rochelle,rburchesslu@usgs.gov,782-824-8827
788,Bibi,beagerslv@indiatimes.com,123-482-5902
789,Chrisy,cdenislw@typepad.com,469-468-3128
790,Dannie,dchartreslx@bbc.co.uk,420-882-8701
791,Jill,jmatticcily@slashdot.org,368-231-6534
792,Kellia,kabrahamianlz@skyrock.com,257-890-4727
793,Tobi,thallgoughm0@livejournal.com,402-323-4820
794,Ignace,ijurism1@list-manage.com,747-162-1251
795,Christiane,cmcclunem2@buzzfeed.com,855-390-8884
796,Tiffanie,tazamm3@home.pl,883-136-5417
797,Mariel,mhakem4@craigslist.org,740-982-9944
798,Heindrick,hlukehurstm5@sina.com.cn,568-905-9436
799,Melanie,msouthcoatm6@shutterfly.com,918-463-7452
800,Tandy,tsillism7@home.pl,487-727-4536
801,Felicle,fkundertm8@bbc.co.uk,601-324-1887
802,Elysia,eellacombem9@jugem.jp,842-942-8466
803,Elmer,esaltwellma@slideshare.net,625-941-3517
804,Maiga,mprestiemb@tuttocitta.it,793-305-9027
805,Marlena,mmapsonmc@cam.ac.uk,122-499-3577
806,Tasia,ttraillmd@netlog.com,720-527-3559
807,Edwin,emounterme@deliciousdays.com,754-450-8404
808,Reggi,rtiuitmf@wikipedia.org,560-516-8954
809,Jarrad,jmcivermg@naver.com,838-888-9201
810,Blondy,btraskemh@friendfeed.com,858-598-3352
811,Marjy,mmunslowmi@wordpress.com,350-309-1356
812,Dar,dabreymj@yahoo.co.jp,281-280-5844
813,Eran,ejeanelmk@google.co.uk,370-817-8063
814,Tobey,tbuttleml@elpais.com,585-610-0642
815,Tim,tdickersonmm@bing.com,302-650-2123
816,Kristina,kmadelinmn@va.gov,901-200-4372
817,Lowrance,lskirrowmo@foxnews.com,546-626-8079
818,Evelyn,ehillmp@desdev.cn,830-913-8665
819,Buddy,bkendermq@lycos.com,971-907-5351
820,Will,welvinsmr@google.fr,182-517-4303
821,Hercules,hpassfieldms@ovh.net,673-255-3069
822,Marylou,mbrockwellmt@naver.com,519-866-1134
823,Rubi,rcreeghanmu@opensource.org,663-309-1970
824,Analise,adearnessmv@blinklist.com,858-331-9012
825,Forrester,flovelmw@webmd.com,240-208-5044
826,Brandon,bdomemx@columbia.edu,832-878-4654
827,Jacob,joleksinskimy@nyu.edu,108-113-8105
828,Leesa,lforsdickemz@fc2.com,332-264-6330
829,Clair,cdawidowskyn0@cornell.edu,908-655-0406
830,Val,veasumn1@nifty.com,735-108-8191
831,Meg,mminchellan2@technorati.com,680-587-8279
832,Sharline,sladymann3@sfgate.com,252-795-7028
833,Waverley,wcusickn4@europa.eu,970-910-8429
834,Stillman,sduffieldn5@xing.com,162-482-8149
835,Keary,kcorhardn6@xing.com,793-343-7286
836,Ertha,elutzmannn7@sitemeter.com,201-255-7548
837,Lorianna,lbalkn8@flavors.me,165-910-1862
838,Anjanette,ajacquetn9@bizjournals.com,647-692-1012
839,Jane,jwadlyna@pbs.org,587-225-7391
840,Lind,lelkinnb@nationalgeographic.com,547-791-9983
841,Ashlee,abrizellnc@slashdot.org,932-588-6703
842,Kristian,kstubbsnd@digg.com,783-402-9697
843,Sigmund,slinggardne@webnode.com,489-805-6519
844,Spenser,sieldennf@mapquest.com,722-460-9253
845,Demetris,dbrosterng@sourceforge.net,199-801-6306
846,Tybie,tclarisnh@marriott.com,725-744-2963
847,Frasco,fdeclercni@wisc.edu,324-271-3331
848,Jemimah,jbatripnj@ftc.gov,730-666-6434
849,Ferrel,fburboroughnk@wiley.com,299-127-1447
850,Shermy,smccombenl@army.mil,832-259-1115
851,Izzy,ijurczaknm@nba.com,359-154-5445
852,Raphaela,rlilienn@drupal.org,544-283-8275
853,Nikita,ngouleyno@google.es,959-178-6546
854,Worth,winkernp@163.com,982-600-5737
855,Katrine,kchantillonnq@cornell.edu,971-560-4665
856,Amery,aboognr@com.com,209-676-7704
857,Janifer,jvankovns@hao123.com,442-834-8678
858,Marrissa,mwhitefootnt@qq.com,433-576-2124
859,Kirbee,kbarouxnu@youtube.com,782-778-1377
860,Brina,bpashannv@posterous.com,702-409-1938
861,Adorne,alefebrenw@bbb.org,787-360-8322
862,Odell,odunwoodynx@loc.gov,543-552-5047
863,Norbie,nwillettny@odnoklassniki.ru,459-378-6305
864,Curran,clehrnz@amazon.de,935-365-0335
865,Dawna,dgetcliffo0@behance.net,141-122-5177
866,Silvana,slightollero1@moonfruit.com,152-843-4618
867,Arlie,ahastieo2@friendfeed.com,718-672-6290
868,Onida,ocasoo3@gmpg.org,778-420-0148
869,Korella,ktureso4@cbsnews.com,391-996-4140
870,Aaren,abamleto5@example.com,875-209-8585
871,Krissie,kwigano6@cnbc.com,119-765-5218
872,Farris,fmenpeso7@dagondesign.com,275-388-5491
873,Ofella,odanbio8@t.co,792-429-1648
874,Alfonso,amacterlagho9@weebly.com,290-656-2905
875,Alick,awenningtonoa@google.com,606-344-1441
876,Gardener,gbolfob@storify.com,318-779-9322
877,Elsinore,ecomminoc@surveymonkey.com,424-302-6032
878,Teri,trikardod@nsw.gov.au,360-143-7799
879,Miof mela,mbatrickoe@springer.com,580-309-5424
880,Sven,seneasof@squarespace.com,944-631-5451
881,Connor,cambrozog@squidoo.com,475-607-3641
882,Scarlet,sbrockherstoh@ustream.tv,503-541-5059
883,Mirilla,mwetherilloi@gnu.org,401-166-9553
884,Korey,katheisoj@1und1.de,975-537-0566
885,Christen,csimkovichok@whitehouse.gov,469-380-8237
886,Humfried,hallcottol@blogs.com,923-316-4308
887,Bryanty,broddickom@51.la,267-437-3021
888,Grier,gjermynon@theguardian.com,274-845-1744
889,Georgina,gmurricanesoo@mayoclinic.com,440-609-7977
890,Nissie,nchristofidesop@whitehouse.gov,931-657-7866
891,Dionis,dsussansoq@auda.org.au,388-816-9075
892,Sol,slabbetor@adobe.com,908-652-2520
893,Regina,rtoomeros@mozilla.com,998-499-9156
894,Daisy,dfontesot@umich.edu,169-470-4507
895,Aharon,achippou@godaddy.com,899-667-7746
896,Clark,ccornelsov@huffingtonpost.com,608-446-7943
897,Jorie,jflacknellow@unblog.fr,976-859-7455
898,Brina,brebeiroox@ameblo.jp,385-694-1647
899,Toddie,thaxbyoy@over-blog.com,167-425-1076
900,Merrie,mpurseloweoz@google.com.hk,111-456-7774
901,Sileas,seastesp0@amazon.co.jp,895-134-6209
902,Levon,lburwinp1@forbes.com,495-377-8893
903,Rossie,rcornishp2@addtoany.com,708-424-0273
904,Barret,blevershap3@jugem.jp,345-768-1612
905,Harcourt,hdunseathp4@blogspot.com,313-648-8206
906,Martha,mcorringhamp5@shop-pro.jp,337-965-9425
907,Serge,sashmorep6@seesaa.net,315-722-1163
908,Virge,volivap7@tinyurl.com,726-186-1145
909,Bettine,bdorringtonp8@miitbeian.gov.cn,927-940-1642
910,Germaine,ghunnicuttp9@so-net.ne.jp,430-229-1125
911,Romeo,rslamakerpa@harvard.edu,132-903-8342
912,Carling,cspenclaypb@cmu.edu,818-194-3289
913,Melba,mdelacourtpc@miibeian.gov.cn,261-467-6652
914,Tatum,tcrohanpd@nsw.gov.au,544-511-4219
915,Fannie,fpadrickpe@smh.com.au,149-463-1941
916,Ralina,rweakleypf@amazon.de,735-774-7339
917,Ilaire,icappellpg@foxnews.com,305-958-2749
918,Gianni,gmccombeph@independent.co.uk,858-873-0553
919,Sande,snovotnipi@mysql.com,668-172-3382
920,Geri,gpinkardpj@omniture.com,316-120-6850
921,Adolphe,afetterplacepk@smh.com.au,705-351-0308
922,Astrid,abrabinpl@fastcompany.com,879-410-4245
923,Maribel,mshererpm@netlog.com,139-502-0236
924,Aprilette,ageorghioupn@ocn.ne.jp,218-883-4071
925,Elga,egantleypo@walmart.com,657-956-6437
926,Alana,aawdrypp@dropbox.com,268-188-6308
927,Tina,tprestiepq@shinystat.com,406-192-7196
928,Aldin,ahlavecekpr@statcounter.com,588-151-3764
929,Colline,cmacclureps@t-online.de,180-815-6760
930,Pace,psandellpt@hubpages.com,394-790-0386
931,Kerwinn,kaykroydpu@amazon.de,727-523-3598
932,Wallis,wmccalisterpv@cloudflare.com,449-543-6228
933,Staffard,swoodrowpw@earthlink.net,653-485-6704
934,Garwood,gdorantpx@house.gov,732-890-3250
935,Cathlene,ccarelesspy@aol.com,536-755-1487
936,Emmye,eetheridgepz@nsw.gov.au,330-418-2850
937,Gertrud,gbelascoq0@blinklist.com,553-622-0012
938,Emerson,efuentesq1@nsw.gov.au,178-375-8682
939,Peria,pwarmingtonq2@nbcnews.com,706-149-2508
940,Amargo,agudgionq3@twitter.com,315-831-5356
941,Vinita,vgillmorq4@icq.com,933-397-8085
942,Dosi,dmartyginq5@dropbox.com,173-307-8845
943,Giusto,gshellibeerq6@goo.ne.jp,298-986-6244
944,Chandal,cpetricq7@t.co,988-170-3479
945,Isidor,istuehmeyerq8@google.co.jp,932-604-2094
946,Bron,bpalayq9@bbc.co.uk,914-664-6678
947,Carrissa,cgilsonqa@businessinsider.com,912-887-3484
948,Benedikta,bmiddleweekqb@free.fr,558-935-3667
949,Belva,bmanassqc@gnu.org,777-134-7280
950,Meryl,moldenqd@soup.io,176-326-4423
951,Dalli,dbuardqe@usatoday.com,284-412-9428
952,Tandi,tvandenbroekqf@networkadvertising.org,404-917-2379
953,Niko,ncorbetqg@thetimes.co.uk,294-876-4660
954,Chantal,crobathamqh@posterous.com,725-386-2039
955,Amery,abuckleqi@live.com,375-300-7206
956,Dominica,dguerreroqj@dailymail.co.uk,161-821-7132
957,Maxwell,mbulteelqk@blinklist.com,448-916-7104
958,Rhett,rvanyukovql@delicious.com,866-756-1963
959,Starr,slambertsonqm@drupal.org,612-547-6436
960,Lauren,lbroadisqn@instagram.com,157-437-5353
961,Mirilla,mwidgerqo@apple.com,683-122-8738
962,Garrett,gbroydqp@blogs.com,895-462-6598
963,Larine,lducarneqq@unblog.fr,914-798-3467
964,Jerome,jdunckleyqr@java.com,219-964-7070
965,Jessica,jmattiussiqs@guardian.co.uk,782-416-7864
966,Olivette,omcgiffinqt@cbsnews.com,197-498-4085
967,Claretta,csquibbesqu@bizjournals.com,991-128-6646
968,Noemi,ntuerenaqv@google.de,934-857-7518
969,Germaine,gstockingsqw@oaic.gov.au,263-388-2459
970,Gibbie,ggratlandqx@nifty.com,218-502-5768
971,Ambrosi,amaystonqy@weather.com,467-313-7651
972,Tabbatha,theardqz@sciencedirect.com,958-671-4326
973,Damaris,dcanadasr0@slideshare.net,378-533-0123
974,Jess,jtichnerr1@yellowbook.com,137-529-0291
975,Sissie,ssaylorr2@netvibes.com,623-652-1582
976,Sig,smorcombr3@redcross.org,250-664-3508
977,Jordanna,jrawlinsonr4@ucla.edu,188-163-4768
978,Kendra,kserjeantr5@opensource.org,690-466-7134
979,Goldina,gjamsonr6@bloglovin.com,942-300-2865
980,Jessey,jnorthleyr7@unblog.fr,552-888-6773
981,Jarrid,jjillsr8@linkedin.com,903-403-3363
982,Munmro,mgittusr9@de.vu,570-522-0812
983,Prue,pmacnockaterra@dot.gov,301-734-1531
984,Asa,agreedierrb@youtu.be,913-396-6113
985,Byram,bgaynesrc@hhs.gov,769-828-8566
986,Jena,jnettleshiprd@artisteer.com,974-103-7328
987,Kelsy,kfriesere@rambler.ru,517-416-5419
988,Allan,acordayrf@qq.com,314-367-3866
989,Jerrylee,jfilpirg@storify.com,860-551-0225
990,Nicky,nviolletrh@sphinn.com,832-213-2127
991,Delbert,dskaiferi@slashdot.org,154-983-0039
992,Brock,brohmerrj@behance.net,214-971-2161
993,Dore,dkoppsrk@weebly.com,951-517-0154
994,Jayme,jjoirisrl@elpais.com,824-498-0983
995,Domingo,dlauderrm@icio.us,632-800-5903
996,Clarence,cdmitrrn@ebay.com,734-903-1355
997,Art,atetherro@themeforest.net,783-859-8460
998,Nathan,nnowickrp@gnu.org,167-676-5764
1001,Willy,willyqqq,1111
1002,City,city@gmail.com,87667889999999
1003,Ricky,ricky@gmail.com,876789000
1004,Popy,popy@gmail.com,98765555677
